2019-07-17,00,21.0,19.5,91,,,230,5.4,,,,
2019-07-17,03,23.4,19.5,79,,,250,9.4,,,,
2019-07-17,06,26.0,19.4,67,,,320,7.6,,,,
2019-07-17,09,28.8,18.9,55,,,320,5.4,,,,
2019-07-17,12,28.0,17.5,53,,,320,5.4,,,,
2019-07-17,15,26.3,19.9,68,,,230,3.6,,,,
2019-07-17,18,22.8,21.3,91,,,,0.0,,,,
2019-07-17,21,22.0,21.2,95,,,230,3.6,,,,
2019-07-18,00,21.8,20.6,93,,,230,7.6,,,,
2019-07-18,03,22.8,20.1,85,,,230,5.4,,,,
2019-07-18,06,26.4,20.3,69,,,290,5.4,,,,
2019-07-18,09,26.0,20.3,71,,,270,7.6,,,,
2019-07-18,12,26.6,20.7,70,,,270,3.6,,,,
2019-07-18,15,25.6,20.4,73,,,,0.0,,,,
2019-07-18,18,22.6,20.5,88,,,230,9.4,,,,
2019-07-18,21,22.2,20.5,90,,,230,7.6,,,,
2019-07-19,00,21.8,20.1,90,,,230,7.6,,,,
2019-07-19,03,21.8,20.1,90,,,230,3.6,,,,
2019-07-19,06,25.0,19.8,73,,,230,3.6,,,,
2019-07-19,09,27.4,20.0,64,,,,0.0,,,,
2019-07-19,12,26.0,16.8,57,,,270,3.6,,,,
2019-07-19,15,22.8,20.7,88,,,230,7.6,,,,
2019-07-19,18,22.2,19.7,86,,,230,9.4,,,,
2019-07-19,21,21.6,19.2,86,,,230,7.6,,,,
2019-07-20,00,21.0,18.9,88,,,230,7.6,,,,
2019-07-20,03,21.2,18.0,82,,,230,3.6,,,,
2019-07-20,06,24.4,19.9,76,,,230,3.6,,,,
2019-07-20,09,27.4,20.2,65,,,230,18.4,,,,
2019-07-20,12,26.0,19.4,67,,,230,14.8,,,,
2019-07-20,15,23.4,18.5,74,,,230,14.8,,,,
2019-07-20,18,22.4,19.4,83,,,230,11.2,,,,
2019-07-20,21,21.4,19.5,89,,,230,14.8,,,,
2019-07-21,00,20.8,18.9,89,,,230,16.6,,,,
2019-07-21,03,21.8,19.2,85,,,230,14.8,,,,
2019-07-21,06,24.4,19.2,73,,,270,18.4,,,,
2019-07-21,09,27.2,20.3,66,,,270,14.8,,,,
2019-07-21,12,23.4,21.7,90,,,230,3.6,,,,
2019-07-21,15,23.0,20.5,86,,,230,3.6,,,,
2019-07-21,18,22.0,20.3,90,,,230,3.6,,,,
2019-07-21,21,21.4,19.5,89,,,230,3.6,,,,
2019-07-22,00,20.8,18.9,89,,,230,16.6,,,,
2019-07-22,03,21.0,19.1,89,,,230,11.2,,,,
2019-07-22,06,24.0,18.9,73,,,270,14.8,,,,
2019-07-22,09,25.4,18.8,67,,,230,7.6,,,,
2019-07-22,12,24.4,18.3,69,,,230,7.6,,,,
2019-07-22,15,22.0,19.5,86,,,230,11.2,,,,
2019-07-22,18,20.4,19.7,96,,,230,5.4,,,,
2019-07-22,21,19.4,18.6,95,,,230,11.2,,,,
2019-07-23,00,19.4,18.7,96,,,230,9.4,,,,
2019-07-23,03,20.2,19.5,96,,,230,7.6,,,,
2019-07-23,06,23.0,19.4,80,,,270,7.6,,,,
2019-07-23,09,25.2,18.9,68,,,230,7.6,,,,
2019-07-23,12,24.4,18.3,69,,,230,3.6,,,,
2019-07-23,15,22.2,19.6,85,,,230,9.4,,,,
2019-07-23,18,21.2,19.1,88,,,230,11.2,,,,
2019-07-23,21,20.6,18.7,89,,,230,7.6,,,,
